{
  "subjects_train": [
    29,
    30,
    31,
    34,
    36,
    37,
    38,
    39,
    43,
    44,
    45,
    46,
    48,
    49,
    50,
    52,
    54,
    55,
    56,
    57,
    59,
    60,
    62,
    63
  ],
  "subjects_val": [
    32,
    35,
    51,
    53,
    58,
    61
  ],
  "files_total_common": 1510,
  "train_windows": 7765,
  "val_windows": 1591,
  "imu_normalization": "zscore",
  "align_mode": "truncate_min",
  "imu_stats_train": {
    "sensor1": {
      "mean": [
        [
          [
            0.22040420770645142,
            0.09869334846735,
            0.227664515376091
          ]
        ]
      ],
      "std": [
        [
          [
            0.7307125926017761,
            1.0175834894180298,
            0.8949835300445557
          ]
        ]
      ]
    },
    "sensor2": {
      "mean": [
        [
          [
            -0.369894415140152,
            0.091997891664505,
            0.18288883566856384
          ]
        ]
      ],
      "std": [
        [
          [
            0.7751334309577942,
            0.3690810203552246,
            0.30977508425712585
          ]
        ]
      ]
    }
  }
}